ClassificationID,SourceInventoryID,TargetName,FullPath,RelativePath,Dimension,ProposedLabel,ConfidenceTier,ConfidenceReason,RequiresReview
CLS-20260802-160123,INV-20260802-141928,Movies,/Users/eduardofgiovannini/Movies/.DS_Store,.DS_Store,project-grouping,workspace:root,High,Deterministic path read: top-level folder segment under the target root.,false
CLS-20260802-160123,INV-20260802-141928,Movies,/Users/eduardofgiovannini/Movies/.DS_Store,.DS_Store,file-type,unclassified-type,Low,Extension '[none]' is not in the static type lookup.,true
CLS-20260802-160123,INV-20260802-141928,Movies,/Users/eduardofgiovannini/Movies/.localized,.localized,project-grouping,workspace:root,High,Deterministic path read: top-level folder segment under the target root.,false
CLS-20260802-160123,INV-20260802-141928,Movies,/Users/eduardofgiovannini/Movies/.localized,.localized,file-type,unclassified-type,Low,Extension '[none]' is not in the static type lookup.,true
CLS-20260802-160123,INV-20260802-141928,Movies,/Users/eduardofgiovannini/Movies/TV/Media.localized/.Media Preferences.plist,TV/Media.localized/.Media Preferences.plist,project-grouping,workspace:TV,High,Deterministic path read: top-level folder segment under the target root.,false
CLS-20260802-160123,INV-20260802-141928,Movies,/Users/eduardofgiovannini/Movies/TV/Media.localized/.Media Preferences.plist,TV/Media.localized/.Media Preferences.plist,file-type,unclassified-type,Low,Extension '[none]' is not in the static type lookup.,true
CLS-20260802-160123,INV-20260802-141928,Movies,/Users/eduardofgiovannini/Movies/TV/Media.localized/.localized/id.strings,TV/Media.localized/.localized/id.strings,project-grouping,workspace:TV,High,Deterministic path read: top-level folder segment under the target root.,false
CLS-20260802-160123,INV-20260802-141928,Movies,/Users/eduardofgiovannini/Movies/TV/Media.localized/.localized/id.strings,TV/Media.localized/.localized/id.strings,file-type,unclassified-type,Low,Extension 'strings' is not in the static type lookup.,true
CLS-20260802-160123,INV-20260802-141928,Movies,/Users/eduardofgiovannini/Movies/TV/Media.localized/.localized/en_CA.strings,TV/Media.localized/.localized/en_CA.strings,project-grouping,workspace:TV,High,Deterministic path read: top-level folder segment under the target root.,false
CLS-20260802-160123,INV-20260802-141928,Movies,/Users/eduardofgiovannini/Movies/TV/Media.localized/.localized/en_CA.strings,TV/Media.localized/.localized/en_CA.strings,file-type,unclassified-type,Low,Extension 'strings' is not in the static type lookup.,true
CLS-20260802-160123,INV-20260802-141928,Movies,/Users/eduardofgiovannini/Movies/TV/Media.localized/.localized/es.strings,TV/Media.localized/.localized/es.strings,project-grouping,workspace:TV,High,Deterministic path read: top-level folder segment under the target root.,false
CLS-20260802-160123,INV-20260802-141928,Movies,/Users/eduardofgiovannini/Movies/TV/Media.localized/.localized/es.strings,TV/Media.localized/.localized/es.strings,file-type,unclassified-type,Low,Extension 'strings' is not in the static type lookup.,true
CLS-20260802-160123,INV-20260802-141928,Movies,/Users/eduardofgiovannini/Movies/TV/Media.localized/.localized/no.strings,TV/Media.localized/.localized/no.strings,project-grouping,workspace:TV,High,Deterministic path read: top-level folder segment under the target root.,false
CLS-20260802-160123,INV-20260802-141928,Movies,/Users/eduardofgiovannini/Movies/TV/Media.localized/.localized/no.strings,TV/Media.localized/.localized/no.strings,file-type,unclassified-type,Low,Extension 'strings' is not in the static type lookup.,true
CLS-20260802-160123,INV-20260802-141928,Movies,/Users/eduardofgiovannini/Movies/TV/Media.localized/.localized/zh_TW.strings,TV/Media.localized/.localized/zh_TW.strings,project-grouping,workspace:TV,High,Deterministic path read: top-level folder segment under the target root.,false
CLS-20260802-160123,INV-20260802-141928,Movies,/Users/eduardofgiovannini/Movies/TV/Media.localized/.localized/zh_TW.strings,TV/Media.localized/.localized/zh_TW.strings,file-type,unclassified-type,Low,Extension 'strings' is not in the static type lookup.,true
CLS-20260802-160123,INV-20260802-141928,Movies,/Users/eduardofgiovannini/Movies/TV/Media.localized/.localized/fi.strings,TV/Media.localized/.localized/fi.strings,project-grouping,workspace:TV,High,Deterministic path read: top-level folder segment under the target root.,false
CLS-20260802-160123,INV-20260802-141928,Movies,/Users/eduardofgiovannini/Movies/TV/Media.localized/.localized/fi.strings,TV/Media.localized/.localized/fi.strings,file-type,unclassified-type,Low,Extension 'strings' is not in the static type lookup.,true
CLS-20260802-160123,INV-20260802-141928,Movies,/Users/eduardofgiovannini/Movies/TV/Media.localized/.localized/ru.strings,TV/Media.localized/.localized/ru.strings,project-grouping,workspace:TV,High,Deterministic path read: top-level folder segment under the target root.,false
CLS-20260802-160123,INV-20260802-141928,Movies,/Users/eduardofgiovannini/Movies/TV/Media.localized/.localized/ru.strings,TV/Media.localized/.localized/ru.strings,file-type,unclassified-type,Low,Extension 'strings' is not in the static type lookup.,true
CLS-20260802-160123,INV-20260802-141928,Movies,/Users/eduardofgiovannini/Movies/TV/Media.localized/.localized/en.strings,TV/Media.localized/.localized/en.strings,project-grouping,workspace:TV,High,Deterministic path read: top-level folder segment under the target root.,false
CLS-20260802-160123,INV-20260802-141928,Movies,/Users/eduardofgiovannini/Movies/TV/Media.localized/.localized/en.strings,TV/Media.localized/.localized/en.strings,file-type,unclassified-type,Low,Extension 'strings' is not in the static type lookup.,true
CLS-20260802-160123,INV-20260802-141928,Movies,/Users/eduardofgiovannini/Movies/TV/Media.localized/.localized/es_419.strings,TV/Media.localized/.localized/es_419.strings,project-grouping,workspace:TV,High,Deterministic path read: top-level folder segment under the target root.,false
CLS-20260802-160123,INV-20260802-141928,Movies,/Users/eduardofgiovannini/Movies/TV/Media.localized/.localized/es_419.strings,TV/Media.localized/.localized/es_419.strings,file-type,unclassified-type,Low,Extension 'strings' is not in the static type lookup.,true
CLS-20260802-160123,INV-20260802-141928,Movies,/Users/eduardofgiovannini/Movies/TV/Media.localized/.localized/he.strings,TV/Media.localized/.localized/he.strings,project-grouping,workspace:TV,High,Deterministic path read: top-level folder segment under the target root.,false
CLS-20260802-160123,INV-20260802-141928,Movies,/Users/eduardofgiovannini/Movies/TV/Media.localized/.localized/he.strings,TV/Media.localized/.localized/he.strings,file-type,unclassified-type,Low,Extension 'strings' is not in the static type lookup.,true
CLS-20260802-160123,INV-20260802-141928,Movies,/Users/eduardofgiovannini/Movies/TV/Media.localized/.localized/uk.strings,TV/Media.localized/.localized/uk.strings,project-grouping,workspace:TV,High,Deterministic path read: top-level folder segment under the target root.,false
CLS-20260802-160123,INV-20260802-141928,Movies,/Users/eduardofgiovannini/Movies/TV/Media.localized/.localized/uk.strings,TV/Media.localized/.localized/uk.strings,file-type,unclassified-type,Low,Extension 'strings' is not in the static type lookup.,true
CLS-20260802-160123,INV-20260802-141928,Movies,/Users/eduardofgiovannini/Movies/TV/Media.localized/.localized/fr_CA.strings,TV/Media.localized/.localized/fr_CA.strings,project-grouping,workspace:TV,High,Deterministic path read: top-level folder segment under the target root.,false
CLS-20260802-160123,INV-20260802-141928,Movies,/Users/eduardofgiovannini/Movies/TV/Media.localized/.localized/fr_CA.strings,TV/Media.localized/.localized/fr_CA.strings,file-type,unclassified-type,Low,Extension 'strings' is not in the static type lookup.,true
CLS-20260802-160123,INV-20260802-141928,Movies,/Users/eduardofgiovannini/Movies/TV/Media.localized/.localized/nl.strings,TV/Media.localized/.localized/nl.strings,project-grouping,workspace:TV,High,Deterministic path read: top-level folder segment under the target root.,false
CLS-20260802-160123,INV-20260802-141928,Movies,/Users/eduardofgiovannini/Movies/TV/Media.localized/.localized/nl.strings,TV/Media.localized/.localized/nl.strings,file-type,unclassified-type,Low,Extension 'strings' is not in the static type lookup.,true
CLS-20260802-160123,INV-20260802-141928,Movies,/Users/eduardofgiovannini/Movies/TV/Media.localized/.localized/de.strings,TV/Media.localized/.localized/de.strings,project-grouping,workspace:TV,High,Deterministic path read: top-level folder segment under the target root.,false
CLS-20260802-160123,INV-20260802-141928,Movies,/Users/eduardofgiovannini/Movies/TV/Media.localized/.localized/de.strings,TV/Media.localized/.localized/de.strings,file-type,unclassified-type,Low,Extension 'strings' is not in the static type lookup.,true
CLS-20260802-160123,INV-20260802-141928,Movies,/Users/eduardofgiovannini/Movies/TV/Media.localized/.localized/ja.strings,TV/Media.localized/.localized/ja.strings,project-grouping,workspace:TV,High,Deterministic path read: top-level folder segment under the target root.,false
CLS-20260802-160123,INV-20260802-141928,Movies,/Users/eduardofgiovannini/Movies/TV/Media.localized/.localized/ja.strings,TV/Media.localized/.localized/ja.strings,file-type,unclassified-type,Low,Extension 'strings' is not in the static type lookup.,true
CLS-20260802-160123,INV-20260802-141928,Movies,/Users/eduardofgiovannini/Movies/TV/Media.localized/.localized/sk.strings,TV/Media.localized/.localized/sk.strings,project-grouping,workspace:TV,High,Deterministic path read: top-level folder segment under the target root.,false
CLS-20260802-160123,INV-20260802-141928,Movies,/Users/eduardofgiovannini/Movies/TV/Media.localized/.localized/sk.strings,TV/Media.localized/.localized/sk.strings,file-type,unclassified-type,Low,Extension 'strings' is not in the static type lookup.,true
CLS-20260802-160123,INV-20260802-141928,Movies,/Users/eduardofgiovannini/Movies/TV/Media.localized/.localized/hr.strings,TV/Media.localized/.localized/hr.strings,project-grouping,workspace:TV,High,Deterministic path read: top-level folder segment under the target root.,false
CLS-20260802-160123,INV-20260802-141928,Movies,/Users/eduardofgiovannini/Movies/TV/Media.localized/.localized/hr.strings,TV/Media.localized/.localized/hr.strings,file-type,unclassified-type,Low,Extension 'strings' is not in the static type lookup.,true
CLS-20260802-160123,INV-20260802-141928,Movies,/Users/eduardofgiovannini/Movies/TV/Media.localized/.localized/el.strings,TV/Media.localized/.localized/el.strings,project-grouping,workspace:TV,High,Deterministic path read: top-level folder segment under the target root.,false
CLS-20260802-160123,INV-20260802-141928,Movies,/Users/eduardofgiovannini/Movies/TV/Media.localized/.localized/el.strings,TV/Media.localized/.localized/el.strings,file-type,unclassified-type,Low,Extension 'strings' is not in the static type lookup.,true
CLS-20260802-160123,INV-20260802-141928,Movies,/Users/eduardofgiovannini/Movies/TV/Media.localized/.localized/en_PH.strings,TV/Media.localized/.localized/en_PH.strings,project-grouping,workspace:TV,High,Deterministic path read: top-level folder segment under the target root.,false
CLS-20260802-160123,INV-20260802-141928,Movies,/Users/eduardofgiovannini/Movies/TV/Media.localized/.localized/en_PH.strings,TV/Media.localized/.localized/en_PH.strings,file-type,unclassified-type,Low,Extension 'strings' is not in the static type lookup.,true
CLS-20260802-160123,INV-20260802-141928,Movies,/Users/eduardofgiovannini/Movies/TV/Media.localized/.localized/th.strings,TV/Media.localized/.localized/th.strings,project-grouping,workspace:TV,High,Deterministic path read: top-level folder segment under the target root.,false
CLS-20260802-160123,INV-20260802-141928,Movies,/Users/eduardofgiovannini/Movies/TV/Media.localized/.localized/th.strings,TV/Media.localized/.localized/th.strings,file-type,unclassified-type,Low,Extension 'strings' is not in the static type lookup.,true
CLS-20260802-160123,INV-20260802-141928,Movies,/Users/eduardofgiovannini/Movies/TV/Media.localized/.localized/zh_CN.strings,TV/Media.localized/.localized/zh_CN.strings,project-grouping,workspace:TV,High,Deterministic path read: top-level folder segment under the target root.,false
CLS-20260802-160123,INV-20260802-141928,Movies,/Users/eduardofgiovannini/Movies/TV/Media.localized/.localized/zh_CN.strings,TV/Media.localized/.localized/zh_CN.strings,file-type,unclassified-type,Low,Extension 'strings' is not in the static type lookup.,true
CLS-20260802-160123,INV-20260802-141928,Movies,/Users/eduardofgiovannini/Movies/TV/Media.localized/.localized/cs.strings,TV/Media.localized/.localized/cs.strings,project-grouping,workspace:TV,High,Deterministic path read: top-level folder segment under the target root.,false
CLS-20260802-160123,INV-20260802-141928,Movies,/Users/eduardofgiovannini/Movies/TV/Media.localized/.localized/cs.strings,TV/Media.localized/.localized/cs.strings,file-type,unclassified-type,Low,Extension 'strings' is not in the static type lookup.,true
CLS-20260802-160123,INV-20260802-141928,Movies,/Users/eduardofgiovannini/Movies/TV/Media.localized/.localized/sv.strings,TV/Media.localized/.localized/sv.strings,project-grouping,workspace:TV,High,Deterministic path read: top-level folder segment under the target root.,false
CLS-20260802-160123,INV-20260802-141928,Movies,/Users/eduardofgiovannini/Movies/TV/Media.localized/.localized/sv.strings,TV/Media.localized/.localized/sv.strings,file-type,unclassified-type,Low,Extension 'strings' is not in the static type lookup.,true
CLS-20260802-160123,INV-20260802-141928,Movies,/Users/eduardofgiovannini/Movies/TV/Media.localized/.localized/pl.strings,TV/Media.localized/.localized/pl.strings,project-grouping,workspace:TV,High,Deterministic path read: top-level folder segment under the target root.,false
CLS-20260802-160123,INV-20260802-141928,Movies,/Users/eduardofgiovannini/Movies/TV/Media.localized/.localized/pl.strings,TV/Media.localized/.localized/pl.strings,file-type,unclassified-type,Low,Extension 'strings' is not in the static type lookup.,true
CLS-20260802-160123,INV-20260802-141928,Movies,/Users/eduardofgiovannini/Movies/TV/Media.localized/.localized/zh_HK.strings,TV/Media.localized/.localized/zh_HK.strings,project-grouping,workspace:TV,High,Deterministic path read: top-level folder segment under the target root.,false
CLS-20260802-160123,INV-20260802-141928,Movies,/Users/eduardofgiovannini/Movies/TV/Media.localized/.localized/zh_HK.strings,TV/Media.localized/.localized/zh_HK.strings,file-type,unclassified-type,Low,Extension 'strings' is not in the static type lookup.,true
CLS-20260802-160123,INV-20260802-141928,Movies,/Users/eduardofgiovannini/Movies/TV/Media.localized/.localized/en_GB.strings,TV/Media.localized/.localized/en_GB.strings,project-grouping,workspace:TV,High,Deterministic path read: top-level folder segment under the target root.,false
CLS-20260802-160123,INV-20260802-141928,Movies,/Users/eduardofgiovannini/Movies/TV/Media.localized/.localized/en_GB.strings,TV/Media.localized/.localized/en_GB.strings,file-type,unclassified-type,Low,Extension 'strings' is not in the static type lookup.,true
CLS-20260802-160123,INV-20260802-141928,Movies,/Users/eduardofgiovannini/Movies/TV/Media.localized/.localized/en_AU.strings,TV/Media.localized/.localized/en_AU.strings,project-grouping,workspace:TV,High,Deterministic path read: top-level folder segment under the target root.,false
CLS-20260802-160123,INV-20260802-141928,Movies,/Users/eduardofgiovannini/Movies/TV/Media.localized/.localized/en_AU.strings,TV/Media.localized/.localized/en_AU.strings,file-type,unclassified-type,Low,Extension 'strings' is not in the static type lookup.,true
CLS-20260802-160123,INV-20260802-141928,Movies,/Users/eduardofgiovannini/Movies/TV/Media.localized/.localized/da.strings,TV/Media.localized/.localized/da.strings,project-grouping,workspace:TV,High,Deterministic path read: top-level folder segment under the target root.,false
CLS-20260802-160123,INV-20260802-141928,Movies,/Users/eduardofgiovannini/Movies/TV/Media.localized/.localized/da.strings,TV/Media.localized/.localized/da.strings,file-type,unclassified-type,Low,Extension 'strings' is not in the static type lookup.,true
CLS-20260802-160123,INV-20260802-141928,Movies,/Users/eduardofgiovannini/Movies/TV/Media.localized/.localized/fr.strings,TV/Media.localized/.localized/fr.strings,project-grouping,workspace:TV,High,Deterministic path read: top-level folder segment under the target root.,false
CLS-20260802-160123,INV-20260802-141928,Movies,/Users/eduardofgiovannini/Movies/TV/Media.localized/.localized/fr.strings,TV/Media.localized/.localized/fr.strings,file-type,unclassified-type,Low,Extension 'strings' is not in the static type lookup.,true
CLS-20260802-160123,INV-20260802-141928,Movies,/Users/eduardofgiovannini/Movies/TV/Media.localized/.localized/ro.strings,TV/Media.localized/.localized/ro.strings,project-grouping,workspace:TV,High,Deterministic path read: top-level folder segment under the target root.,false
CLS-20260802-160123,INV-20260802-141928,Movies,/Users/eduardofgiovannini/Movies/TV/Media.localized/.localized/ro.strings,TV/Media.localized/.localized/ro.strings,file-type,unclassified-type,Low,Extension 'strings' is not in the static type lookup.,true
CLS-20260802-160123,INV-20260802-141928,Movies,/Users/eduardofgiovannini/Movies/TV/Media.localized/.localized/pt.strings,TV/Media.localized/.localized/pt.strings,project-grouping,workspace:TV,High,Deterministic path read: top-level folder segment under the target root.,false
CLS-20260802-160123,INV-20260802-141928,Movies,/Users/eduardofgiovannini/Movies/TV/Media.localized/.localized/pt.strings,TV/Media.localized/.localized/pt.strings,file-type,unclassified-type,Low,Extension 'strings' is not in the static type lookup.,true
CLS-20260802-160123,INV-20260802-141928,Movies,/Users/eduardofgiovannini/Movies/TV/Media.localized/.localized/en_IN.strings,TV/Media.localized/.localized/en_IN.strings,project-grouping,workspace:TV,High,Deterministic path read: top-level folder segment under the target root.,false
CLS-20260802-160123,INV-20260802-141928,Movies,/Users/eduardofgiovannini/Movies/TV/Media.localized/.localized/en_IN.strings,TV/Media.localized/.localized/en_IN.strings,file-type,unclassified-type,Low,Extension 'strings' is not in the static type lookup.,true
CLS-20260802-160123,INV-20260802-141928,Movies,/Users/eduardofgiovannini/Movies/TV/Media.localized/.localized/pt_PT.strings,TV/Media.localized/.localized/pt_PT.strings,project-grouping,workspace:TV,High,Deterministic path read: top-level folder segment under the target root.,false
CLS-20260802-160123,INV-20260802-141928,Movies,/Users/eduardofgiovannini/Movies/TV/Media.localized/.localized/pt_PT.strings,TV/Media.localized/.localized/pt_PT.strings,file-type,unclassified-type,Low,Extension 'strings' is not in the static type lookup.,true
CLS-20260802-160123,INV-20260802-141928,Movies,/Users/eduardofgiovannini/Movies/TV/Media.localized/.localized/ms.strings,TV/Media.localized/.localized/ms.strings,project-grouping,workspace:TV,High,Deterministic path read: top-level folder segment under the target root.,false
CLS-20260802-160123,INV-20260802-141928,Movies,/Users/eduardofgiovannini/Movies/TV/Media.localized/.localized/ms.strings,TV/Media.localized/.localized/ms.strings,file-type,unclassified-type,Low,Extension 'strings' is not in the static type lookup.,true
CLS-20260802-160123,INV-20260802-141928,Movies,/Users/eduardofgiovannini/Movies/TV/Media.localized/.localized/ko.strings,TV/Media.localized/.localized/ko.strings,project-grouping,workspace:TV,High,Deterministic path read: top-level folder segment under the target root.,false
CLS-20260802-160123,INV-20260802-141928,Movies,/Users/eduardofgiovannini/Movies/TV/Media.localized/.localized/ko.strings,TV/Media.localized/.localized/ko.strings,file-type,unclassified-type,Low,Extension 'strings' is not in the static type lookup.,true
CLS-20260802-160123,INV-20260802-141928,Movies,/Users/eduardofgiovannini/Movies/TV/Media.localized/.localized/sl.strings,TV/Media.localized/.localized/sl.strings,project-grouping,workspace:TV,High,Deterministic path read: top-level folder segment under the target root.,false
CLS-20260802-160123,INV-20260802-141928,Movies,/Users/eduardofgiovannini/Movies/TV/Media.localized/.localized/sl.strings,TV/Media.localized/.localized/sl.strings,file-type,unclassified-type,Low,Extension 'strings' is not in the static type lookup.,true
CLS-20260802-160123,INV-20260802-141928,Movies,/Users/eduardofgiovannini/Movies/TV/Media.localized/.localized/hu.strings,TV/Media.localized/.localized/hu.strings,project-grouping,workspace:TV,High,Deterministic path read: top-level folder segment under the target root.,false
CLS-20260802-160123,INV-20260802-141928,Movies,/Users/eduardofgiovannini/Movies/TV/Media.localized/.localized/hu.strings,TV/Media.localized/.localized/hu.strings,file-type,unclassified-type,Low,Extension 'strings' is not in the static type lookup.,true
CLS-20260802-160123,INV-20260802-141928,Movies,/Users/eduardofgiovannini/Movies/TV/Media.localized/.localized/hi.strings,TV/Media.localized/.localized/hi.strings,project-grouping,workspace:TV,High,Deterministic path read: top-level folder segment under the target root.,false
CLS-20260802-160123,INV-20260802-141928,Movies,/Users/eduardofgiovannini/Movies/TV/Media.localized/.localized/hi.strings,TV/Media.localized/.localized/hi.strings,file-type,unclassified-type,Low,Extension 'strings' is not in the static type lookup.,true
CLS-20260802-160123,INV-20260802-141928,Movies,/Users/eduardofgiovannini/Movies/TV/Media.localized/.localized/tr.strings,TV/Media.localized/.localized/tr.strings,project-grouping,workspace:TV,High,Deterministic path read: top-level folder segment under the target root.,false
CLS-20260802-160123,INV-20260802-141928,Movies,/Users/eduardofgiovannini/Movies/TV/Media.localized/.localized/tr.strings,TV/Media.localized/.localized/tr.strings,file-type,unclassified-type,Low,Extension 'strings' is not in the static type lookup.,true
CLS-20260802-160123,INV-20260802-141928,Movies,/Users/eduardofgiovannini/Movies/TV/Media.localized/.localized/vi.strings,TV/Media.localized/.localized/vi.strings,project-grouping,workspace:TV,High,Deterministic path read: top-level folder segment under the target root.,false
CLS-20260802-160123,INV-20260802-141928,Movies,/Users/eduardofgiovannini/Movies/TV/Media.localized/.localized/vi.strings,TV/Media.localized/.localized/vi.strings,file-type,unclassified-type,Low,Extension 'strings' is not in the static type lookup.,true
CLS-20260802-160123,INV-20260802-141928,Movies,/Users/eduardofgiovannini/Movies/TV/Media.localized/.localized/es_US.strings,TV/Media.localized/.localized/es_US.strings,project-grouping,workspace:TV,High,Deterministic path read: top-level folder segment under the target root.,false
CLS-20260802-160123,INV-20260802-141928,Movies,/Users/eduardofgiovannini/Movies/TV/Media.localized/.localized/es_US.strings,TV/Media.localized/.localized/es_US.strings,file-type,unclassified-type,Low,Extension 'strings' is not in the static type lookup.,true
CLS-20260802-160123,INV-20260802-141928,Movies,/Users/eduardofgiovannini/Movies/TV/Media.localized/.localized/ca.strings,TV/Media.localized/.localized/ca.strings,project-grouping,workspace:TV,High,Deterministic path read: top-level folder segment under the target root.,false
CLS-20260802-160123,INV-20260802-141928,Movies,/Users/eduardofgiovannini/Movies/TV/Media.localized/.localized/ca.strings,TV/Media.localized/.localized/ca.strings,file-type,unclassified-type,Low,Extension 'strings' is not in the static type lookup.,true
CLS-20260802-160123,INV-20260802-141928,Movies,/Users/eduardofgiovannini/Movies/TV/Media.localized/.localized/ar.strings,TV/Media.localized/.localized/ar.strings,project-grouping,workspace:TV,High,Deterministic path read: top-level folder segment under the target root.,false
CLS-20260802-160123,INV-20260802-141928,Movies,/Users/eduardofgiovannini/Movies/TV/Media.localized/.localized/ar.strings,TV/Media.localized/.localized/ar.strings,file-type,unclassified-type,Low,Extension 'strings' is not in the static type lookup.,true
CLS-20260802-160123,INV-20260802-141928,Movies,/Users/eduardofgiovannini/Movies/TV/Media.localized/.localized/it.strings,TV/Media.localized/.localized/it.strings,project-grouping,workspace:TV,High,Deterministic path read: top-level folder segment under the target root.,false
CLS-20260802-160123,INV-20260802-141928,Movies,/Users/eduardofgiovannini/Movies/TV/Media.localized/.localized/it.strings,TV/Media.localized/.localized/it.strings,file-type,unclassified-type,Low,Extension 'strings' is not in the static type lookup.,true
CLS-20260802-160123,INV-20260802-141928,Movies,/Users/eduardofgiovannini/Movies/TV/TV Library.tvlibrary/Library Preferences.tvdb,TV/TV Library.tvlibrary/Library Preferences.tvdb,project-grouping,workspace:TV,High,Deterministic path read: top-level folder segment under the target root.,false
CLS-20260802-160123,INV-20260802-141928,Movies,/Users/eduardofgiovannini/Movies/TV/TV Library.tvlibrary/Library Preferences.tvdb,TV/TV Library.tvlibrary/Library Preferences.tvdb,file-type,unclassified-type,Low,Extension 'tvdb' is not in the static type lookup.,true
CLS-20260802-160123,INV-20260802-141928,Movies,/Users/eduardofgiovannini/Movies/TV/TV Library.tvlibrary/Library.tvdb,TV/TV Library.tvlibrary/Library.tvdb,project-grouping,workspace:TV,High,Deterministic path read: top-level folder segment under the target root.,false
CLS-20260802-160123,INV-20260802-141928,Movies,/Users/eduardofgiovannini/Movies/TV/TV Library.tvlibrary/Library.tvdb,TV/TV Library.tvlibrary/Library.tvdb,file-type,unclassified-type,Low,Extension 'tvdb' is not in the static type lookup.,true
